timestamp,success
1770951601,true
1770951661,true
1770951722,true
1770951781,true
1770951841,true
1770951901,true
1770951961,true
1770952021,true
1770952081,true
1770952141,true
1770952201,true
1770952261,true
1770952321,true
1770952381,true
1770952441,true
1770952501,true
1770952561,true
1770952622,true
1770952681,true
1770952741,true
1770952801,true
1770952861,true
1770952921,true
1770952981,true
1770953041,true
1770953101,true
1770953161,true
1770953221,true
1770953281,true
1770953341,true
1770953401,true
1770953461,true
1770953522,true
1770953581,true
1770953641,true
1770953701,true
1770953761,true
1770953821,true
1770953881,true
1770953941,true
1770954001,true
1770954061,true
1770954121,true
1770954181,true
1770954241,true
1770954301,true
1770954361,true
1770954421,true
1770954482,true
1770954541,true
1770954601,true
1770954661,true
1770954721,true
1770954781,true
1770954841,true
1770954901,true
1770954961,true
1770955021,true
1770955081,true
1770955141,true
1770955201,true
1770955261,true
1770955321,true
1770955381,true
1770955441,true
1770955501,true
1770955561,true
1770955622,true
1770955681,true
1770955741,true
1770955801,true
1770955861,true
1770955921,true
1770955981,true
1770956041,true
1770956101,true
1770956161,true
1770956221,true
1770956281,true
1770956341,true
1770956401,true
1770956462,true
1770956521,true
1770956581,true
1770956641,true
1770956701,true
1770956761,true
1770956821,true
1770956881,true
1770956941,true
1770957001,true
1770957061,true
1770957121,true
1770957181,true
1770957241,true
1770957301,true
1770957361,true
1770957422,true
1770957481,true
1770957541,true
1770957601,true
1770957661,true
1770957721,true
1770957781,true
1770957841,true
1770957901,true
1770957961,true
1770958021,true
1770958081,true
1770958141,true
1770958201,true
1770958261,true
1770958321,true
1770958381,true
1770958441,true
1770958501,true
1770958561,true
1770958621,true
1770958681,true
1770958741,true
1770958801,true
1770958861,true
1770958921,true
1770958981,true
1770959041,true
1770959101,true
1770959161,true
1770959221,true
1770959281,true
1770959341,true
1770959402,true
1770959461,true
1770959521,true
1770959581,true
1770959641,true
1770959701,true
1770959761,true
1770959821,true
1770959881,true
1770959941,true
1770960001,true
1770960061,true
1770960121,true
1770960181,true
1770960241,true
1770960302,true
1770960361,true
1770960421,true
1770960481,true
1770960541,true
1770960601,true
1770960661,true
1770960721,true
1770960781,true
1770960841,true
1770960901,true
1770960961,true
1770961021,true
1770961081,true
1770961141,true
1770961201,true
1770961261,true
1770961321,true
1770961381,true
1770961441,true
1770961501,true
1770961561,true
1770961621,true
1770961681,true
1770961741,true
1770961801,true
1770961861,true
1770961921,true
1770961981,true
1770962041,true
1770962101,true
1770962161,true
1770962221,true
1770962281,true
1770962341,true
1770962401,true
1770962461,true
1770962521,true
1770962581,true
1770962641,true
1770962701,true
1770962761,true
1770962821,true
1770962881,true
1770962941,true
1770963001,true
1770963061,true
1770963121,true
1770963181,true
1770963241,true
1770963302,true
1770963361,true
1770963421,true
1770963481,true
1770963541,true
1770963601,true
1770963661,true
1770963721,true
1770963781,true
1770963841,true
1770963901,true
1770963961,true
1770964021,true
1770964081,true
1770964141,true
1770964201,true
1770964262,true
1770964321,true
1770964381,true
1770964441,true
1770964501,true
1770964561,true
1770964621,true
1770964681,true
1770964741,true
1770964801,true
1770964861,true
1770964921,true
1770964981,true
1770965041,true
1770965101,true
1770965162,true
1770965221,true
1770965281,true
1770965341,true
1770965401,true
1770965461,true
1770965521,true
1770965581,true
1770965641,true
1770965701,true
1770965761,true
1770965821,true
1770965881,true
1770965941,true
1770966001,true
1770966061,true
1770966121,true
1770966181,true
1770966241,true
1770966301,true
1770966361,true
1770966422,true
1770966481,true
1770966541,true
1770966601,true
1770966661,true
1770966721,true
1770966781,true
1770966841,true
1770966901,true
1770966961,true
1770967021,true
1770967081,true
1770967141,true
1770967201,true
1770967261,true
1770967321,true
1770967381,true
1770967441,true
1770967501,true
1770967561,true
1770967621,true
1770967681,true
1770967741,true
1770967801,true
1770967861,true
1770967921,true
1770967981,true
1770968041,true
1770968101,true
1770968161,true
1770968221,true
1770968282,true
1770968341,true
1770968401,true
1770968461,true
1770968521,true
1770968581,true
1770968641,true
1770968701,true
1770968761,true
1770968821,true
1770968881,true
1770968941,true
1770969001,true
1770969061,true
1770969121,true
1770969182,true
1770969241,true
1770969301,true
1770969361,true
1770969421,true
1770969481,true
1770969541,true
1770969601,true
1770969661,true
1770969721,true
1770969781,true
1770969841,true
1770969901,true
1770969961,true
1770970021,true
1770970081,true
1770970141,true
1770970201,true
1770970261,true
1770970321,true
1770970382,true
1770970441,true
1770970501,true
1770970561,true
1770970621,true
1770970681,true
1770970741,true
1770970801,true
1770970861,true
1770970921,true
1770970981,true
1770971041,true
1770971101,true
1770971161,true
1770971221,true
1770971281,true
1770971342,true
1770971401,true
1770971461,true
1770971521,true
1770971581,true
1770971641,true
1770971701,true
1770971761,true
1770971821,true
1770971881,true
1770971941,true
1770972001,true
1770972061,true
1770972121,true
1770972181,true
1770972241,true
1770972301,true
1770972361,true
1770972421,true
1770972481,true
1770972541,true
1770972601,true
1770972661,true
1770972721,true
1770972781,true
1770972841,true
1770972901,true
1770972961,true
1770973021,true
1770973081,true
1770973141,true
1770973201,true
1770973261,true
1770973321,true
1770973381,true
1770973441,true
1770973501,true
1770973561,true
1770973621,true
1770973681,true
1770973741,true
1770973801,true
1770973861,true
1770973921,true
1770973981,true
1770974041,true
1770974101,true
1770974161,true
1770974222,true
1770974281,true
1770974341,true
1770974401,true
1770974461,true
1770974521,true
1770974581,true
1770974641,true
1770974701,true
1770974761,true
1770974821,true
1770974881,true
1770974941,true
1770975001,true
1770975061,true
1770975121,true
1770975181,true
1770975241,true
1770975301,true
1770975361,true
1770975421,true
1770975481,true
1770975541,true
1770975601,true
1770975661,true
1770975721,true
1770975781,true
1770975841,true
1770975901,true
1770975961,true
1770976021,true
1770976082,true
1770976141,true
1770976201,true
1770976261,true
1770976321,true
1770976381,true
1770976441,true
1770976501,true
1770976561,true
1770976621,true
1770976681,true
1770976741,true
1770976801,true
1770976861,true
1770976921,true
1770976981,true
1770977041,true
1770977101,true
1770977161,true
1770977221,true
1770977281,true
1770977341,true
1770977401,true
1770977461,true
1770977521,true
1770977581,true
1770977641,true
1770977701,true
1770977761,true
1770977821,true
1770977881,true
1770977941,true
1770978001,true
1770978061,true
1770978121,true
1770978181,true
1770978241,true
1770978301,true
1770978361,true
1770978421,true
1770978481,true
1770978541,true
1770978601,true
1770978661,true
1770978721,true
1770978781,true
1770978841,true
1770978901,true
1770978961,true
1770979021,true
1770979081,true
1770979141,true
1770979201,true
1770979261,true
1770979321,true
1770979381,true
1770979441,true
1770979501,true
1770979561,true
1770979621,true
1770979681,true
1770979741,true
1770979801,true
1770979862,true
1770979921,true
1770979981,true
1770980041,true
1770980101,true
1770980161,true
1770980221,true
1770980281,true
1770980341,true
1770980401,true
1770980461,true
1770980521,true
1770980582,true
1770980641,true
1770980701,true
1770980761,true
1770980821,true
1770980881,true
1770980941,true
1770981001,true
1770981061,true
1770981121,true
1770981181,true
1770981241,true
1770981301,true
1770981361,true
1770981421,true
1770981481,true
1770981541,true
1770981601,true
1770981661,true
1770981721,true
1770981781,true
1770981841,true
1770981901,true
1770981961,true
1770982021,true
1770982081,true
1770982141,true
1770982201,true
1770982261,true
1770982321,true
1770982381,true
1770982442,true
1770982501,true
1770982561,true
1770982621,true
1770982681,true
1770982741,true
1770982801,true
1770982861,true
1770982921,true
1770982981,true
1770983041,true
1770983101,true
1770983161,true
1770983221,true
1770983281,true
1770983341,true
1770983401,true
1770983461,true
1770983521,true
1770983581,true
1770983641,true
1770983701,true
1770983761,true
1770983821,true
1770983881,true
1770983941,true
1770984001,true
1770984061,true
1770984121,true
1770984181,true
1770984241,true
1770984301,true
1770984361,true
1770984421,true
1770984481,true
1770984541,true
1770984601,true
1770984661,true
1770984721,true
1770984781,true
1770984842,true
1770984901,true
1770984961,true
1770985021,true
1770985081,true
1770985141,true
1770985201,true
1770985261,true
1770985321,true
1770985381,true
1770985441,true
1770985501,true
1770985561,true
1770985621,true
1770985682,true
1770985741,true
1770985801,true
1770985861,true
1770985921,true
1770985981,true
1770986041,true
1770986101,true
1770986161,true
1770986221,true
1770986281,true
1770986341,true
1770986401,true
1770986461,true
1770986521,true
1770986582,true
1770986641,true
1770986701,true
1770986761,true
1770986821,true
1770986881,true
1770986941,true
1770987001,true
1770987061,true
1770987121,true
1770987181,true
1770987241,true
1770987301,true
1770987361,true
1770987421,true
1770987481,true
1770987541,true
1770987601,true
1770987661,true
1770987721,true
1770987781,true
1770987841,true
1770987901,true
1770987961,true
1770988021,true
1770988081,true
1770988141,true
1770988201,true
1770988261,true
1770988321,true
1770988381,true
1770988441,true
1770988501,true
1770988561,true
1770988621,true
1770988682,true
1770988741,true
1770988801,true
1770988861,true
1770988921,true
1770988981,true
1770989041,true
1770989101,true
1770989161,true
1770989221,true
1770989281,true
1770989341,true
1770989401,true
1770989461,true
1770989521,true
1770989581,true
1770989641,true
1770989701,true
1770989761,true
1770989821,true
1770989881,true
1770989941,true
1770990001,true
1770990061,true
1770990121,true
1770990181,true
1770990241,true
1770990301,true
1770990361,true
1770990421,true
1770990481,true
1770990541,true
1770990601,true
1770990661,true
1770990721,true
1770990781,true
1770990841,true
1770990901,true
1770990961,true
1770991021,true
1770991081,true
1770991141,true
1770991201,true
1770991261,true
1770991321,true
1770991381,true
1770991441,true
1770991502,true
1770991561,true
1770991621,true
1770991681,true
1770991741,true
1770991801,true
1770991861,true
1770991921,true
1770991981,true
1770992041,true
1770992101,true
1770992161,true
1770992221,true
1770992281,true
1770992341,true
1770992402,true
1770992461,true
1770992521,true
1770992581,true
1770992641,true
1770992701,true
1770992761,true
1770992821,true
1770992881,true
1770992941,true
1770993001,true
1770993061,true
1770993121,true
1770993181,true
1770993241,true
1770993301,true
1770993361,true
1770993421,true
1770993481,true
1770993541,true
1770993601,true
1770993661,true
1770993721,true
1770993781,true
1770993841,true
1770993901,true
1770993961,true
1770994021,true
1770994081,true
1770994141,true
1770994202,true
1770994261,true
1770994321,true
1770994381,true
1770994441,true
1770994501,true
1770994561,true
1770994621,true
1770994681,true
1770994741,true
1770994801,true
1770994861,true
1770994921,true
1770994981,true
1770995041,true
1770995101,true
1770995162,true
1770995221,true
1770995281,true
1770995341,true
1770995401,true
1770995461,true
1770995521,true
1770995581,true
1770995641,true
1770995701,true
1770995761,true
1770995821,true
1770995881,true
1770995941,true
1770996001,true
1770996061,true
1770996121,true
1770996181,true
1770996241,true
1770996301,true
1770996361,true
1770996421,true
1770996481,true
1770996541,true
1770996601,true
1770996661,true
1770996721,true
1770996781,true
1770996841,true
1770996901,true
1770996961,true
1770997021,true
1770997081,true
1770997141,true
1770997201,true
1770997261,true
1770997321,true
1770997381,true
1770997441,true
1770997501,true
1770997561,true
1770997621,true
1770997681,true
1770997741,true
1770997801,true
1770997861,true
1770997922,true
1770997981,true
1770998041,true
1770998101,true
1770998161,true
1770998221,true
1770998281,true
1770998341,true
1770998401,true
1770998461,true
1770998521,true
1770998581,true
1770998642,true
1770998701,true
1770998761,true
1770998821,true
1770998881,true
1770998941,true
1770999001,true
1770999061,true
1770999121,true
1770999181,true
1770999241,true
1770999301,true
1770999361,true
1770999421,true
1770999481,true
1770999541,true
1770999601,true
1770999661,true
1770999721,true
1770999781,true
1770999841,true
1770999901,true
1770999961,true
1771000021,true
1771000081,true
1771000141,true
1771000201,true
1771000261,true
1771000322,true
1771000381,true
1771000441,true
1771000501,true
1771000561,true
1771000621,true
1771000681,true
1771000741,true
1771000801,true
1771000861,true
1771000921,true
1771000981,true
1771001041,true
1771001101,true
1771001161,true
1771001221,true
1771001282,true
1771001341,true
1771001401,true
1771001461,true
1771001521,true
1771001581,true
1771001641,true
1771001701,true
1771001761,true
1771001821,true
1771001881,true
1771001941,true
1771002001,true
1771002061,true
1771002121,true
1771002181,true
1771002242,true
1771002301,true
1771002361,true
1771002421,true
1771002481,true
1771002541,true
1771002601,true
1771002661,true
1771002721,true
1771002781,true
1771002841,true
1771002901,true
1771002961,true
1771003021,true
1771003081,true
1771003141,true
1771003201,true
1771003261,true
1771003321,true
1771003381,true
1771003441,true
1771003501,true
1771003561,true
1771003621,true
1771003681,true
1771003741,true
1771003801,true
1771003861,true
1771003921,true
1771003981,true
1771004042,true
1771004101,true
1771004161,true
1771004221,true
1771004281,true
1771004341,true
1771004401,true
1771004461,true
1771004521,true
1771004581,true
1771004641,true
1771004701,true
1771004761,true
1771004821,true
1771004881,true
1771004941,true
1771005001,true
1771005061,true
1771005121,true
1771005181,true
1771005241,true
1771005301,true
1771005361,true
1771005421,true
1771005481,true
1771005541,true
1771005601,true
1771005661,true
1771005721,true
1771005781,true
1771005841,true
1771005902,true
1771005961,true
1771006021,true
1771006081,true
1771006141,true
1771006201,true
1771006261,true
1771006321,true
1771006381,true
1771006441,true
1771006501,true
1771006561,true
1771006621,true
1771006681,true
1771006741,true
1771006802,true
1771006861,true
1771006921,true
1771006981,true
1771007041,true
1771007101,true
1771007161,true
1771007221,true
1771007281,true
1771007341,true
1771007401,true
1771007461,true
1771007521,true
1771007581,true
1771007641,true
1771007701,true
1771007761,true
1771007821,true
1771007881,true
1771007941,true
1771008001,true
1771008061,true
1771008121,true
1771008181,true
1771008241,true
1771008301,true
1771008361,true
1771008421,true
1771008481,true
1771008541,true
1771008601,true
1771008661,true
1771008721,true
1771008781,true
1771008841,true
1771008901,true
1771008961,true
1771009021,true
1771009081,true
1771009141,true
1771009201,true
1771009262,true
1771009321,true
1771009381,true
1771009441,true
1771009501,true
1771009561,true
1771009621,true
1771009681,true
1771009741,true
1771009801,true
1771009861,true
1771009921,true
1771009981,true
1771010041,true
1771010101,true
1771010161,true
1771010221,true
1771010281,true
1771010341,true
1771010401,true
1771010461,true
1771010521,true
1771010581,true
1771010641,true
1771010701,true
1771010761,true
1771010821,true
1771010881,true
1771010941,true
1771011002,true
1771011061,true
1771011121,true
1771011181,true
1771011241,true
1771011301,true
1771011361,true
1771011421,true
1771011481,true
1771011541,true
1771011601,true
1771011661,true
1771011721,true
1771011781,true
1771011841,true
1771011902,true
1771011961,true
1771012021,true
1771012081,true
1771012141,true
1771012201,true
1771012261,true
1771012321,true
1771012381,true
1771012441,true
1771012501,true
1771012561,true
1771012621,true
1771012681,true
1771012741,true
1771012801,true
